experiment,settingName,settingValue,throughputPerDay,reviewMeanWait,syncBacklogEnd,cameraUtilization,reviewUtilization,syncUtilization
Camera-count sweep,numCameras,1,399,0,109,0.700000000000005,0.365828237909952,0.150666666666659
Camera-count sweep,numCameras,2,399,0.301136363636364,109,0.350000000000002,0.365942658557778,0.150666666666659
Camera-count sweep,numCameras,3,399,0.301136363636364,109,0.233333333333335,0.365942658557778,0.150666666666659
Camera-count sweep,numCameras,4,399,0.301136363636364,109,0.175000000000001,0.365942658557778,0.150666666666659
Ophthalmologist-count sweep,numOphthalmologists,1,399,0.301136363636364,109,0.350000000000002,0.365942658557778,0.150666666666659
Ophthalmologist-count sweep,numOphthalmologists,2,399,0,109,0.350000000000002,0.182971329278889,0.150666666666659
Ophthalmologist-count sweep,numOphthalmologists,3,399,0,109,0.350000000000002,0.121980886185926,0.150666666666659
Bandwidth sweep,bandwidthMbps,1,399,0.301136363636364,335,0.35,0.365942658557776,0.251111111111111
Bandwidth sweep,bandwidthMbps,2,399,0.301136363636364,223,0.35,0.365942658557776,0.25
Bandwidth sweep,bandwidthMbps,5,399,0.301136363636364,109,0.350000000000002,0.365942658557778,0.150666666666659
Bandwidth sweep,bandwidthMbps,10,399,0.301136363636364,109,0.350000000000001,0.365942658557777,0.0753333333333342
Bandwidth sweep,bandwidthMbps,20,399,0.301136363636364,109,0.35,0.365942658557776,0.0376666666666695
Confidence-threshold sweep,confidenceThreshold,0.7,399,0.241758241758242,109,0.350000000000002,0.283579496090358,0.150666666666659
Confidence-threshold sweep,confidenceThreshold,0.75,399,0.264604810996563,109,0.350000000000002,0.302345786272808,0.150666666666659
Confidence-threshold sweep,confidenceThreshold,0.8,399,0.255591054313099,109,0.350000000000002,0.32528236316247,0.150666666666659
Confidence-threshold sweep,confidenceThreshold,0.85,399,0.279635258358662,109,0.350000000000002,0.341963509991314,0.150666666666659
Confidence-threshold sweep,confidenceThreshold,0.9,399,0.301136363636364,109,0.350000000000002,0.365942658557778,0.150666666666659
Confidence-threshold sweep,confidenceThreshold,0.95,399,0.342175066312997,109,0.350000000000002,0.392006950477848,0.150666666666659
