numCameras,numOphthalmologists,bandwidthMbps,throughputPerDay,reviewMeanWait,syncBacklogEnd,cameraUtilization,reviewUtilization,syncUtilization,feasible,cost
1,1,1,399,0,223,0.7,0.36582823790995,0.5,0,3.1
1,1,2,399,0,1,0.7,0.36582823790995,0.496977277465082,0,3.2
1,1,5,399,0,0,0.700000000000005,0.365828237909952,0.199147068220641,1,3.5
1,1,10,399,0,0,0.700000000000002,0.365828237909951,0.0995956704783936,1,4
1,1,20,399,0,0,0.7,0.36582823790995,0.0498033711768604,1,5
1,2,1,399,0,223,0.7,0.182914118954975,0.5,0,5.1
1,2,2,399,0,1,0.7,0.182914118954975,0.496977277465082,0,5.2
1,2,5,399,0,0,0.700000000000005,0.182914118954976,0.199147068220641,1,5.5
1,2,10,399,0,0,0.700000000000002,0.182914118954976,0.0995956704783936,1,6
1,2,20,399,0,0,0.7,0.182914118954975,0.0498033711768604,1,7
1,3,1,399,0,223,0.7,0.121942745969983,0.5,0,7.1
1,3,2,399,0,1,0.7,0.121942745969983,0.496977277465082,0,7.2
1,3,5,399,0,0,0.700000000000005,0.121942745969984,0.199147068220641,1,7.5
1,3,10,399,0,0,0.700000000000002,0.121942745969984,0.0995956704783936,1,8
1,3,20,399,0,0,0.7,0.121942745969983,0.0498033711768604,1,9
2,1,1,399,0.301136363636364,223,0.35,0.365942658557776,0.5,0,4.1
2,1,2,399,0.301136363636364,1,0.35,0.365942658557776,0.497132728599729,0,4.2
2,1,5,399,0.301136363636364,0,0.350000000000002,0.365942658557778,0.199209332379149,1,4.5
2,1,10,399,0.301136363636364,0,0.350000000000001,0.365942658557777,0.0996268164034061,1,5
2,1,20,399,0.301136363636364,0,0.35,0.365942658557776,0.0498189476025383,1,6
2,2,1,399,0,223,0.35,0.182971329278888,0.5,0,6.1
2,2,2,399,0,1,0.35,0.182971329278888,0.497132728599729,0,6.2
2,2,5,399,0,0,0.350000000000002,0.182971329278889,0.199209332379149,1,6.5
2,2,10,399,0,0,0.350000000000001,0.182971329278888,0.0996268164034061,1,7
2,2,20,399,0,0,0.35,0.182971329278888,0.0498189476025383,1,8
2,3,1,399,0,223,0.35,0.121980886185925,0.5,0,8.1
2,3,2,399,0,1,0.35,0.121980886185925,0.497132728599729,0,8.2
2,3,5,399,0,0,0.350000000000002,0.121980886185926,0.199209332379149,1,8.5
2,3,10,399,0,0,0.350000000000001,0.121980886185926,0.0996268164034061,1,9
2,3,20,399,0,0,0.35,0.121980886185925,0.0498189476025383,1,10
3,1,1,399,0.301136363636364,223,0.233333333333333,0.365942658557776,0.5,0,5.1
3,1,2,399,0.301136363636364,1,0.233333333333333,0.365942658557776,0.497132728599729,0,5.2
3,1,5,399,0.301136363636364,0,0.233333333333335,0.365942658557778,0.199209332379149,1,5.5
3,1,10,399,0.301136363636364,0,0.233333333333334,0.365942658557777,0.0996268164034061,1,6
3,1,20,399,0.301136363636364,0,0.233333333333333,0.365942658557776,0.0498189476025383,1,7
3,2,1,399,0,223,0.233333333333333,0.182971329278888,0.5,0,7.1
3,2,2,399,0,1,0.233333333333333,0.182971329278888,0.497132728599729,0,7.2
3,2,5,399,0,0,0.233333333333335,0.182971329278889,0.199209332379149,1,7.5
3,2,10,399,0,0,0.233333333333334,0.182971329278888,0.0996268164034061,1,8
3,2,20,399,0,0,0.233333333333333,0.182971329278888,0.0498189476025383,1,9
3,3,1,399,0,223,0.233333333333333,0.121980886185925,0.5,0,9.1
3,3,2,399,0,1,0.233333333333333,0.121980886185925,0.497132728599729,0,9.2
3,3,5,399,0,0,0.233333333333335,0.121980886185926,0.199209332379149,1,9.5
3,3,10,399,0,0,0.233333333333334,0.121980886185926,0.0996268164034061,1,10
3,3,20,399,0,0,0.233333333333333,0.121980886185925,0.0498189476025383,1,11
4,1,1,399,0.301136363636364,223,0.175,0.365942658557776,0.5,0,6.1
4,1,2,399,0.301136363636364,1,0.175,0.365942658557776,0.497132728599729,0,6.2
4,1,5,399,0.301136363636364,0,0.175000000000001,0.365942658557778,0.199209332379149,1,6.5
4,1,10,399,0.301136363636364,0,0.175,0.365942658557777,0.0996268164034061,1,7
4,1,20,399,0.301136363636364,0,0.175,0.365942658557776,0.0498189476025383,1,8
4,2,1,399,0,223,0.175,0.182971329278888,0.5,0,8.1
4,2,2,399,0,1,0.175,0.182971329278888,0.497132728599729,0,8.2
4,2,5,399,0,0,0.175000000000001,0.182971329278889,0.199209332379149,1,8.5
4,2,10,399,0,0,0.175,0.182971329278888,0.0996268164034061,1,9
4,2,20,399,0,0,0.175,0.182971329278888,0.0498189476025383,1,10
4,3,1,399,0,223,0.175,0.121980886185925,0.5,0,10.1
4,3,2,399,0,1,0.175,0.121980886185925,0.497132728599729,0,10.2
4,3,5,399,0,0,0.175000000000001,0.121980886185926,0.199209332379149,1,10.5
4,3,10,399,0,0,0.175,0.121980886185926,0.0996268164034061,1,11
4,3,20,399,0,0,0.175,0.121980886185925,0.0498189476025383,1,12
